<?xml version="1.0" encoding="UTF-8"?>
<addon
  id="pvr.vdr.xvdr"
  version="0.9.8"
  name="VDR XVDR Client(iOS) XBMC 13.0"
  provider-name="Alexander Pipelka, Alwin Esch, Team XBMC">
 <requires>
    <c-pluff version="0.1"/>
  </requires>
  <extension
    point="xbmc.pvrclient"
    library_osx="XBMC_VDR_xvdr_OSX.pvr"
    library_linux="XBMC_VDR_xvdr.pvr"
    library_wingl="XBMC_VDR_xvdr_WIN32.pvr"
    library_windx="XBMC_VDR_xvdr_WIN32.pvr"
    library_android="libXBMC_VDR_xvdr.so"/>
  <extension point="xbmc.addon.metadata">
    <summary>PVR client to connect VDR to XBMC</summary>
    <description>VDR frontend; supporting streaming of Live TV &amp; Recordings, EPG, Timers</description>
    <description lang="de">Erlaubt das wiedergeben von Live TV und Aufnahmen mittels VDR auf XBMC. Des weiteren werden EPG, Kanalsuche und Timer unterstützt.</description>
    <disclaimer>This is unstable software! The authors are in no way responsible for failed recordings, incorrect timers, wasted hours, or any other undesirable effects..</disclaimer>
    <platform>ios osx linux wingl windx android</platform>
  </extension>
</addon>
