<?xml version="1.0" encoding="UTF-8" standalone="yes"?>
<addon id="repository.radio.all" name="Metal Radio Add-on Repository" version="1.0.0" provider-name="Daniel Krah, Weratyr">
  <extension point="xbmc.addon.repository" name="Metal Radio Add-on Repository">
    <info compressed="false">http://raw.github.com/weratyr/xbmc-addons/master/all/radio/addons.xml</info>
    <checksum>http://raw.github.com/weratyr/xbmc-addons/master/all/radio/addons.xml.md5</checksum>
    <datadir zip="true">http://raw.github.com/weratyr/xbmc-addons/master/all/radio/</datadir>
  </extension>
  <extension point="xbmc.addon.metadata">
    <summary lang="en">Live-Stream from the Swedish Rock Radio "Bandit Rock"</summary>
    <summary lang="de">Live-Stream des schwedischen Rocksenders "Bandit Rock"</summary>
    <description lang="en">Listen to all kind of rock music, powered by Bandit Rock</description>
    <description lang="de">Genieße alle Arten von Rockmusik, powered by Bandit Rock</description>
     <platform>all</platform>
  </extension>
</addon>
