<?xml version="1.0" encoding="UTF-8" standalone="yes"?>
<addon id="repository.radio.all" name="Metal Radio Add-on Repository" version="1.0.0" provider-name="Moorviper, Weratyr">
  <extension point="xbmc.addon.repository" name="Metal Radio Add-on Repository">
    <info compressed="false">http://raw.github.com/weratyr/xbmc-addons/master/all/radio/addons.xml</info>
    <checksum>http://raw.github.com/weratyr/xbmc-addons/master/all/radio/addons.xml.md5</checksum>
    <datadir zip="true">http://raw.github.com/weratyr/xbmc-addons/master/all/radio/</datadir>
  </extension>
  <extension point="xbmc.addon.metadata">
    <summary lang="en">Live-Stream from the swedish radiostation Bandit and the german radiostation Rock Antenne</summary>
    <summary lang="de">Live-Stream des schwedischen Rocksenders Bandit und des deutschen Radiosenders Rock Antenne</summary>
    <description lang="en">Listen to all kind of rock/metal music, powered by Bandit and Rock Antenne</description>
    <description lang="de">Genieße alle Arten von Rock/Metal-Musik, powered by Bandit and Rock Antenne</description>
     <platform>all</platform>
  </extension>
</addon>
