<?xml version="1.0" encoding="UTF-8" standalone="yes"?>
<addon id="repository.xvdr.osx" name="XVDR Updates (osx64) XBMC 13.0" version="1.0.0" provider-name="Alexander Pipelka">
	<extension point="xbmc.addon.repository" name="XVDR Add-on Repository (Apple OSX64)">
		<info compressed="false">http://raw.github.com/weratyr/xbmc-addons/master/osx/xvdr/gotham/addon.xml</info>
		<checksum>http://raw.github.com/weratyr/xbmc-addons/master/osx/xvdr/gotham/addon.xml.md5</checksum>
		<datadir zip="true">http://raw.github.com/weratyr/xbmc-addons/master/osx/xvdr/gotham/</datadir>
	</extension>
	<extension point="xbmc.addon.metadata">
		<summary>XVDR Addon Repository for Apple OSX64 clients</summary>
		<description>It runs on XBMC 13 (Gotham). Download updates for your XVDR plugin automatically</description>
		<platform>osx</platform>
	</extension>
</addon>
