<?xml version="1.0" encoding="UTF-8" standalone="yes"?>
<addon id="plugin.audio.radioraclassic"
       name="Rock Antenne Classic Perlen Webradio"
       version="1.0.0"
       provider-name="Daniel Krah">
  <requires>
    <import addon="xbmc.python" version="2.1.0"/>
  </requires>
  <extension point="xbmc.python.pluginsource"
            library="default.py">
        <provides>audio</provides>
  </extension>
  <extension point="xbmc.addon.metadata">
    <platform>all</platform>
    <summary lang="en">Live-Stream from Rock Antenne: Classic Perlen</summary>
    <summary lang="de">Live-Stream von Rock Antenne: Classic Perlen</summary>
    <description lang="en">Listen to all kind of classic-rock music, powered by Rock Antenne</description>
    <description lang="de">Genieße alle Arten von "Classic"-Rockmusik, powered by Rock Antenne</description>
   </extension>
</addon>
