<?xml version="1.0" encoding="UTF-8" standalone="yes"?>
<addon id="repository.xvdr.ios" name="XVDR Updates (armv7) XBMC 13.0" version="1.0.0" provider-name="Alexander Pipelka">
	<extension point="xbmc.addon.repository" name="XVDR Add-on Repository (Apple iOS)">
		<info compressed="false">http://raw.github.com/weratyr/xbmc-addons/master/ios/xvdr/gotham/addon.xml</info>
		<checksum>http://raw.github.com/weratyr/xbmc-addons/master/ios/xvdr/gotham/addon.xml.md5</checksum>
		<datadir zip="true">http://raw.github.com/weratyr/xbmc-addons/master/ios/xvdr/gotham/</datadir>
	</extension>
	<extension point="xbmc.addon.metadata">
		<summary>XVDR Addon Repository for Apple iOS clients</summary>
		<description>It runs on XBMC 13 (Gotham). Testet on nightly build 13.0-Alpha7 (Compiled: Aug 22 2013). Download updates for your XVDR plugin automatically</description>
		<platform>ios</platform>
	</extension>
</addon>
